,link1,link2,link3,link4
taylor swift,https://www.reddit.com/gallery/11uq9ir?user_id=29288742527054&web_redirect=true,https://www.reddit.com/r/TaylorSwift/comments/lvb80o/taylor_tweets_about_the_sexist_netflix_show_joke/,https://www.reddit.com/r/Fauxmoi/comments/12u7sge/taylor_swift_steps_out_for_a_girls_outing_with/,https://www.reddit.com/r/vinyljerk/comments/12vbxgv/taylor_swift_once_again_made_the_entire_vinyl/
timothee chalamet,https://www.reddit.com/r/timotheechalamet/comments/qnreae/honest_question_why_do_people_like_this_guy/,https://www.reddit.com/r/gay/comments/w5wkdq/does_anyone_here_find_timothee_chalamet_attractive/,https://www.reddit.com/r/entertainment/comments/xevsiy/timoth√©e_chalamet_reveals_that_leonardo_dicapiro/,https://www.reddit.com/r/trueratecelebrities/comments/10a0pxa/rate_timothee_chalamet_59_facial_harmony/
harry styles,https://www.reddit.com/r/redscarepod/comments/wfb0e1/harry_styles_saying_i_dont_like_to_define_my/,https://www.reddit.com/r/television/comments/7jiw7l/harry_styles_steps_in_with_two_hours_notice_to/,https://www.reddit.com/r/Fauxmoi/comments/11jjevq/harry_styles_wearing_a_1d_shirt_and_then_deleting/,https://www.reddit.com/r/popculturechat/comments/10zze1s/harry_styles_acknowledges_his_privilege_while/
rihanna,https://www.reddit.com/r/popculturechat/comments/135aj91/unpopular_opinion_rihanna_being_late_to/,https://www.reddit.com/r/entertainment/comments/111b4sw/rihanna_accused_of_worst_lip_sync_ever_at_super/,https://www.reddit.com/r/popculturechat/comments/12gornt/rihannas_street_style_over_the_years/,https://www.reddit.com/gallery/1358kn9?user_id=29288742527054&web_redirect=true
billie eilish,https://www.reddit.com/r/entertainment/comments/zannko/billie_eilish_said_shed_have_received_a_lot_less/,https://www.reddit.com/r/13or30/comments/dffmbv/billie_eilish_is_17_but_she_looks_like_a_40_year/,https://www.reddit.com/r/celebrities/comments/12gkh2y/billie_eilish/,https://www.reddit.com/r/DoesAnybodyElse/comments/122vj29/dae_not_understand_why_billie_eilish_is_such_a/
selena gomez,https://www.reddit.com/r/celebrities/comments/11yig77/selena_gomez/,https://www.reddit.com/r/celebrities/comments/11v8byx/selena_gomez/,https://www.reddit.com/gallery/11rt1g6?user_id=29288742527054&web_redirect=true,https://www.reddit.com/r/DisneyDiamonds/comments/12u7xi9/selena_gomez/
lady gaga,https://www.reddit.com/r/nextfuckinglevel/comments/jw054y/lady_gaga_what_a_legend/,https://www.reddit.com/r/todayilearned/comments/cy2abi/til_when_18yearold_lady_gaga_was_studying_at_nyu/,https://www.reddit.com/r/MadeMeSmile/comments/yc8phm/amazing_photo_of_lady_gaga_right_after_she_won_an/,https://www.reddit.com/r/popculturechat/comments/124omfi/37_years_ago_a_star_was_born_happy_birthday_to/
pedro pascal,https://www.reddit.com/r/Fauxmoi/comments/12iklug/pedro_pascal_for_esquire_aprilmay_2023/,https://www.reddit.com/r/entertainment/comments/12mefe4/pedro_pascal_opens_up_about_his_trans_sister_lux/,https://www.reddit.com/r/MadeMeSmile/comments/11xmtzp/pedro_pascal_bought_five_guys_for_all_of_the_last/,https://www.reddit.com/r/ContagiousLaughter/comments/10tu2cx/pedro_pascal_taking_a_polygraph_interview_for_a/
elon mask,https://www.reddit.com/r/Fauxmoi/comments/12yc7q3/elon_musk_accidentally_revealed_his_alt_account/,https://www.reddit.com/r/Fauxmoi/comments/128komj/elon_musk_is_trying_to_make_friends_with_halli/,https://www.reddit.com/r/facepalm/comments/12vfikj/elon_musk_birth_control_could_spell_the_end_of/,https://www.reddit.com/r/ScienceUncensored/comments/12tqj7l/elon_musk_calls_for_life_sentences_for_those/
leonardo dicaprio,https://www.reddit.com/r/entertainment/comments/113ykmg/leonardo_dicaprio_is_fed_up_that_he_has_a/,https://www.reddit.com/r/VindictaRateCelebs/comments/10jno61/leonardo_dicaprio/,https://www.reddit.com/r/entertainment/comments/102fwc2/leonardo_dicaprio_entertains_multiple_women_on/,https://www.reddit.com/r/pics/comments/oq474s/young_leonardo_dicaprio_with_monica_bellucci_1995/
prince harry,https://www.reddit.com/r/popculturechat/comments/12jqwpl/confirmed_prince_harry_to_attend_coronation/,https://www.reddit.com/r/AskUK/comments/107ojyu/do_you_feel_sorry_for_prince_harry/,https://www.reddit.com/r/popculturechat/comments/124yvcp/prince_harry_tears_into_royals_for_withholding/,https://www.reddit.com/r/facepalm/comments/1188z70/prince_harry_and_meghan_are_suing_south_park/
kylie jenner,https://www.reddit.com/r/VindictaRateCelebs/comments/10vpq68/thoughts_on_unedited_kylie_jenner/,https://www.reddit.com/r/tiktokthots/comments/116kkbv/kylie_jenner_shaking_that_hot_fat_booty/,https://www.reddit.com/r/entertainment/comments/gsuq0b/forbes_claimes_the_jenners_falsified_tax_returns/,https://www.reddit.com/r/SubredditDrama/comments/fp7v0r/billionaire_kylie_jenner_donates_1_mil_for/
emma watson,https://www.reddit.com/r/funny/comments/2sdgla/emma_watson_on_english_and_american_guys/,https://www.reddit.com/r/pics/comments/d1a2ds/emma_watsons_official_portrait_for_un/,https://www.reddit.com/r/harrypotter/comments/11192ad/emma_watson_over_the_years_as_hermione_granger/,https://www.reddit.com/r/VindictaRateCelebs/comments/11yofeh/emma_watson/
chris evans,https://www.reddit.com/r/marvelstudios/comments/aufhr8/chris_evans_fist_pump_when_he_sees_black_panther/,https://www.reddit.com/r/politics/comments/jdmwwz/chris_evans_among_avengers_cast_assembling_for/,https://www.reddit.com/r/marvelstudios/comments/c069ed/this_wasnt_cgi_just_a_reminder_of_how_cool_chris/,https://www.reddit.com/r/aww/comments/aqmrqt/chris_evans_and_his_dog_celebrating_valentines_day/
emilia clarke,https://www.reddit.com/r/pics/comments/aj75e7/emilia_clarke_with_no_makeup/,https://www.reddit.com/r/pics/comments/d85nrm/emilia_clarke_portrait_for_emmys_2019/,https://www.reddit.com/r/gentlemanboners/comments/6s58p5/emilia_clarke/,https://www.reddit.com/r/gentlemanboners/comments/6zu587/emilia_clarke/
cole sprouse,https://www.reddit.com/r/television/comments/gv6p8c/riverdale_and_suite_life_star_cole_sprouse_was/,https://www.reddit.com/r/riverdale/comments/igzqcv/was_looking_up_the_ages_of_the_cast_recently_and/,https://www.reddit.com/r/Fauxmoi/comments/12f0eph/cole_sprouse_returns_to_his_camera_duels/,https://www.reddit.com/r/riverdale/comments/gsajgj/cole_sprouse_says_he_has_no_plans_to_leave/
doja cat,https://www.reddit.com/r/popculturechat/comments/135jad5/doja_cat_is_the_epitome_of_originality_and/?utm_source=share&utm_medium=ios_app&utm_name=ioscss&utm_content=2&utm_term=1,https://www.reddit.com/r/rupaulsdragrace/comments/135joz6/doja_cat_was_giving_kornbread_at_the_met_gala/?utm_source=share&utm_medium=ios_app&utm_name=ioscss&utm_content=1&utm_term=1,https://www.reddit.com/r/LeopardsAteMyFace/comments/hz8pil/us_singer_doja_cat_tests_positive_for_covid19/,https://www.reddit.com/r/Fauxmoi/comments/vu1cym/doja_cat_calls_out_noah_schnapp_for_sharing_dms/
cristiano ronaldo,https://www.reddit.com/r/nattyorjuice/comments/11pssix/how_do_i_get_legs_like_cristiano_ronaldo_naturally/?utm_source=share&utm_medium=ios_app&utm_name=ioscss&utm_content=2&utm_term=1,https://www.reddit.com/r/soccer/comments/11zymq4/cristiano_ronaldo_becomes_the_first_male_player/?utm_source=share&utm_medium=ios_app&utm_name=ioscss&utm_content=2&utm_term=1,https://www.reddit.com/r/soccer/comments/11bo6li/damac_0_2_al_nassr_cristiano_ronaldo_23/?utm_source=share&utm_medium=ios_app&utm_name=ioscss&utm_content=1&utm_term=1,https://www.reddit.com/r/soccer/comments/10k1shl/el_mundo_cristiano_ronaldo_to_his_old_agent_jorge/?utm_source=share&utm_medium=ios_app&utm_name=ioscss&utm_content=2&utm_term=1
johnny depp,https://www.reddit.com/r/JusticeForJohnnyDepp/comments/12jhba5/as_a_johnny_depp_supporter_i_dont_understand_the/?utm_source=share&utm_medium=ios_app&utm_name=ioscss&utm_content=2&utm_term=1,https://www.reddit.com/r/entertainment/comments/zty9k8/i_dont_see_johnny_depp_being_redeemed_hollywood/,https://www.reddit.com/r/pics/comments/ttten/so_johnny_depp_stopped_by_to_hang_with_my_grandma/,https://www.reddit.com/r/entertainment/comments/p5ccpm/johnny_depp_says_hollywood_is_boycotting_him_in/
will smith,https://www.reddit.com/r/NoStupidQuestions/comments/zpyp61/did_will_smith_ruin_his_career/,https://www.reddit.com/r/WhitePeopleTwitter/comments/tv69oa/working_with_will_smith/,https://www.reddit.com/r/funny/comments/6o6ste/will_smith_finally_looks_how_he_did_in_the_1994/,https://www.reddit.com/r/midjourney/comments/12bnqwy/what_if_will_smith_played_neo_in_the_matrix/
jenna ortega,https://www.reddit.com/r/popculturechat/comments/1355sni/jenna_ortega_at_the_met_gala_2023/?utm_source=share&utm_medium=ios_app&utm_name=ioscss&utm_content=1&utm_term=14,https://www.reddit.com/r/television/comments/11s1h10/jenna_ortega_rejected_wednesday_offers_because/?utm_source=share&utm_medium=ios_app&utm_name=ioscss&utm_content=2&utm_term=1,https://www.reddit.com/r/SipsTea/comments/11dkcs4/jenna_ortega_and_aubrey_plaza_at_the_sag_awards/,https://www.reddit.com/r/WorshipJennaOrtega/comments/106h1il/jenna_ortega_feet/
bella hadid,https://www.reddit.com/r/VindictaRateCelebs/comments/10d8e12/what_would_you_rate_the_most_beautiful_in_the/,https://www.reddit.com/r/cringe/comments/cvmah3/an_absolute_classic_by_bella_hadid/,https://www.reddit.com/r/BravoRealHousewives/comments/y6bhng/elizabeth_from_the_rhony_reboot_is_a_huge_idf/,https://www.reddit.com/r/Fauxmoi/comments/12ca2kn/bella_hadid_replies_to_hate_comments_on_tiktok/
ryan reynolds,https://www.reddit.com/search/?q=Ryan%20Reynolds&sort=comments&t=year,https://www.reddit.com/search/?q=Ryan%20Reynolds&sort=comments&t=year,https://www.reddit.com/r/sports/comments/125cdis/ryan_reynolds_soccer_team_wrexham_to_face/,https://www.reddit.com/search/?q=Ryan%20Reynolds&sort=comments&t=year
brad pitt,https://www.reddit.com/search/?q=Brad%20Pitt&sort=comments&t=year,https://www.reddit.com/r/entertainment/comments/xz8vfv/how_brad_pitt_is_trying_to_spin_his_way_out_of/,https://www.reddit.com/search/?q=Brad%20Pitt&sort=comments&t=year,https://www.reddit.com/search/?q=Brad%20Pitt&sort=comments&t=year
johnny depp,https://www.reddit.com/r/JusticeForJohnnyDepp/comments/12jhba5/as_a_johnny_depp_supporter_i_dont_understand_the/?utm_source=share&utm_medium=ios_app&utm_name=ioscss&utm_content=2&utm_term=1,https://www.reddit.com/r/entertainment/comments/zty9k8/i_dont_see_johnny_depp_being_redeemed_hollywood/,https://www.reddit.com/r/pics/comments/ttten/so_johnny_depp_stopped_by_to_hang_with_my_grandma/,https://www.reddit.com/r/entertainment/comments/p5ccpm/johnny_depp_says_hollywood_is_boycotting_him_in/
chris hemsworth,https://www.reddit.com/r/Fauxmoi/comments/sjgzhq/did_chris_hemsworth_get_a_jaw_implant/,https://www.reddit.com/r/nattyorjuice/comments/i5ghlv/is_chris_hemsworth_natty/,https://www.reddit.com/r/shittymoviedetails/comments/w72v9v/please_believe_me_they_actually_made_a_men_in/,https://www.reddit.com/r/marvelstudios/comments/yypx1g/chris_hemsworth_taking_time_off_from_acting/
angelina jolie,https://www.reddit.com/r/trueratecelebrities/comments/10xhgfp/prime_angelina_jolie_is_it_close_to_perfection/,https://www.reddit.com/r/Fauxmoi/comments/wsge31/photos_of_angelina_jolies_alleged_bruises_from/,https://www.reddit.com/r/popculturechat/comments/13bwymq/angelina_jolie_shares_tribute_to_her_mother_on/,https://www.reddit.com/r/OldSchoolCool/comments/ytwgbs/a_19_year_old_angelina_jolie_in_1994/
ariana grande,https://www.reddit.com/r/popculturechat/comments/10niksg/ariana_grande_fashion_moments_from_ponytail_to/,https://www.reddit.com/r/Fauxmoi/comments/12iwyzr/ariana_grande_discussing_concerns_about_her_body/,https://www.reddit.com/r/popculturechat/comments/ys9mki/ariana_grandes_voice_evolution_is_going_viral_on/,https://www.reddit.com/r/Fauxmoi/comments/12pu086/ariana_grande_has_been_pictured_as_glinda_the/
Jennifer Aniston,https://www.reddit.com/r/celebrities/comments/128j6k3/jennifer_aniston/,https://www.reddit.com/r/entertainment/comments/yr00a1/jennifer_aniston_feels_relief_she_doesnt_have_to/,https://www.reddit.com/r/entertainment/comments/yqsfux/jennifer_aniston_says_there_are_no_more_movie/,https://www.reddit.com/r/entertainment/comments/yqo64b/jennifer_aniston_reveals_secret_ivf_attempts/
shakira,https://www.reddit.com/r/Fauxmoi/comments/129yabd/shakira_departs_barcelona_with_her_kids_in_search/,https://www.reddit.com/r/entertainment/comments/10auk4g/out_of_your_league_shakira_song_mocking_ex_gerard/,https://www.reddit.com/r/OldSchoolCool/comments/a5hfj1/shakira_1992/,https://www.reddit.com/r/Damnthatsinteresting/comments/wcwnox/while_in_japan_in_2002_shakira_is_surprised_to/
ryan reynolds,https://www.reddit.com/search/?q=Ryan%20Reynolds&sort=comments&t=year,https://www.reddit.com/search/?q=Ryan%20Reynolds&sort=comments&t=year,https://www.reddit.com/r/sports/comments/125cdis/ryan_reynolds_soccer_team_wrexham_to_face/,https://www.reddit.com/search/?q=Ryan%20Reynolds&sort=comments&t=year
brad pitt,https://www.reddit.com/search/?q=Brad%20Pitt&sort=comments&t=year,https://www.reddit.com/r/entertainment/comments/xz8vfv/how_brad_pitt_is_trying_to_spin_his_way_out_of/,https://www.reddit.com/search/?q=Brad%20Pitt&sort=comments&t=year,https://www.reddit.com/search/?q=Brad%20Pitt&sort=comments&t=year
johnny depp,https://www.reddit.com/r/JusticeForJohnnyDepp/comments/12jhba5/as_a_johnny_depp_supporter_i_dont_understand_the/?utm_source=share&utm_medium=ios_app&utm_name=ioscss&utm_content=2&utm_term=1,https://www.reddit.com/r/entertainment/comments/zty9k8/i_dont_see_johnny_depp_being_redeemed_hollywood/,https://www.reddit.com/r/pics/comments/ttten/so_johnny_depp_stopped_by_to_hang_with_my_grandma/,https://www.reddit.com/r/entertainment/comments/p5ccpm/johnny_depp_says_hollywood_is_boycotting_him_in/
chris hemsworth,https://www.reddit.com/r/Fauxmoi/comments/sjgzhq/did_chris_hemsworth_get_a_jaw_implant/,https://www.reddit.com/r/nattyorjuice/comments/i5ghlv/is_chris_hemsworth_natty/,https://www.reddit.com/r/shittymoviedetails/comments/w72v9v/please_believe_me_they_actually_made_a_men_in/,https://www.reddit.com/r/marvelstudios/comments/yypx1g/chris_hemsworth_taking_time_off_from_acting/
angelina jolie,https://www.reddit.com/r/trueratecelebrities/comments/10xhgfp/prime_angelina_jolie_is_it_close_to_perfection/,https://www.reddit.com/r/Fauxmoi/comments/wsge31/photos_of_angelina_jolies_alleged_bruises_from/,https://www.reddit.com/r/popculturechat/comments/13bwymq/angelina_jolie_shares_tribute_to_her_mother_on/,https://www.reddit.com/r/OldSchoolCool/comments/ytwgbs/a_19_year_old_angelina_jolie_in_1994/
ariana grande,https://www.reddit.com/r/popculturechat/comments/10niksg/ariana_grande_fashion_moments_from_ponytail_to/,https://www.reddit.com/r/Fauxmoi/comments/12iwyzr/ariana_grande_discussing_concerns_about_her_body/,https://www.reddit.com/r/popculturechat/comments/ys9mki/ariana_grandes_voice_evolution_is_going_viral_on/,https://www.reddit.com/r/Fauxmoi/comments/12pu086/ariana_grande_has_been_pictured_as_glinda_the/
jennifer aniston,https://www.reddit.com/r/celebrities/comments/128j6k3/jennifer_aniston/,https://www.reddit.com/r/entertainment/comments/yr00a1/jennifer_aniston_feels_relief_she_doesnt_have_to/,https://www.reddit.com/r/entertainment/comments/yqsfux/jennifer_aniston_says_there_are_no_more_movie/,https://www.reddit.com/r/entertainment/comments/yqo64b/jennifer_aniston_reveals_secret_ivf_attempts/
shakira,https://www.reddit.com/r/Fauxmoi/comments/129yabd/shakira_departs_barcelona_with_her_kids_in_search/,https://www.reddit.com/r/entertainment/comments/10auk4g/out_of_your_league_shakira_song_mocking_ex_gerard/,https://www.reddit.com/r/OldSchoolCool/comments/a5hfj1/shakira_1992/,https://www.reddit.com/r/Damnthatsinteresting/comments/wcwnox/while_in_japan_in_2002_shakira_is_surprised_to/
ryan reynolds,https://www.reddit.com/r/popculturechat/comments/127lgz8/what_are_your_thoughts_on_ryan_reynolds/,https://www.reddit.com/r/MadeMeSmile/comments/wz10q6/ryan_reynolds_on_getting_an_earring_as_a_kid/,https://www.reddit.com/r/sports/comments/125cdis/ryan_reynolds_soccer_team_wrexham_to_face/,https://www.reddit.com/search/?q=Ryan%20Reynolds&sort=comments&t=year
brad pitt,https://www.reddit.com/search/?q=Brad%20Pitt&sort=comments&t=year,https://www.reddit.com/r/entertainment/comments/xz8vfv/how_brad_pitt_is_trying_to_spin_his_way_out_of/,https://www.reddit.com/search/?q=Brad%20Pitt&sort=comments&t=year,https://www.reddit.com/search/?q=Brad%20Pitt&sort=comments&t=year
johnny depp,https://www.reddit.com/r/JusticeForJohnnyDepp/comments/12jhba5/as_a_johnny_depp_supporter_i_dont_understand_the/?utm_source=share&utm_medium=ios_app&utm_name=ioscss&utm_content=2&utm_term=1,https://www.reddit.com/r/entertainment/comments/zty9k8/i_dont_see_johnny_depp_being_redeemed_hollywood/,https://www.reddit.com/r/pics/comments/ttten/so_johnny_depp_stopped_by_to_hang_with_my_grandma/,https://www.reddit.com/r/entertainment/comments/p5ccpm/johnny_depp_says_hollywood_is_boycotting_him_in/
chris hemsworth,https://www.reddit.com/r/Fauxmoi/comments/sjgzhq/did_chris_hemsworth_get_a_jaw_implant/,https://www.reddit.com/r/nattyorjuice/comments/i5ghlv/is_chris_hemsworth_natty/,https://www.reddit.com/r/shittymoviedetails/comments/w72v9v/please_believe_me_they_actually_made_a_men_in/,https://www.reddit.com/r/marvelstudios/comments/yypx1g/chris_hemsworth_taking_time_off_from_acting/
angelina jolie,https://www.reddit.com/r/trueratecelebrities/comments/10xhgfp/prime_angelina_jolie_is_it_close_to_perfection/,https://www.reddit.com/r/Fauxmoi/comments/wsge31/photos_of_angelina_jolies_alleged_bruises_from/,https://www.reddit.com/r/popculturechat/comments/13bwymq/angelina_jolie_shares_tribute_to_her_mother_on/,https://www.reddit.com/r/OldSchoolCool/comments/ytwgbs/a_19_year_old_angelina_jolie_in_1994/
ariana grande,https://www.reddit.com/r/popculturechat/comments/10niksg/ariana_grande_fashion_moments_from_ponytail_to/,https://www.reddit.com/r/Fauxmoi/comments/12iwyzr/ariana_grande_discussing_concerns_about_her_body/,https://www.reddit.com/r/popculturechat/comments/ys9mki/ariana_grandes_voice_evolution_is_going_viral_on/,https://www.reddit.com/r/Fauxmoi/comments/12pu086/ariana_grande_has_been_pictured_as_glinda_the/
jennifer aniston,https://www.reddit.com/r/celebrities/comments/128j6k3/jennifer_aniston/,https://www.reddit.com/r/entertainment/comments/yr00a1/jennifer_aniston_feels_relief_she_doesnt_have_to/,https://www.reddit.com/r/entertainment/comments/yqsfux/jennifer_aniston_says_there_are_no_more_movie/,https://www.reddit.com/r/entertainment/comments/yqo64b/jennifer_aniston_reveals_secret_ivf_attempts/
shakira,https://www.reddit.com/r/Fauxmoi/comments/129yabd/shakira_departs_barcelona_with_her_kids_in_search/,https://www.reddit.com/r/entertainment/comments/10auk4g/out_of_your_league_shakira_song_mocking_ex_gerard/,https://www.reddit.com/r/OldSchoolCool/comments/a5hfj1/shakira_1992/,https://www.reddit.com/r/Damnthatsinteresting/comments/wcwnox/while_in_japan_in_2002_shakira_is_surprised_to/
ryan reynolds,https://www.reddit.com/r/popculturechat/comments/127lgz8/what_are_your_thoughts_on_ryan_reynolds/,https://www.reddit.com/r/MadeMeSmile/comments/wz10q6/ryan_reynolds_on_getting_an_earring_as_a_kid/,https://www.reddit.com/r/sports/comments/125cdis/ryan_reynolds_soccer_team_wrexham_to_face/,https://www.reddit.com/search/?q=Ryan%20Reynolds&sort=comments&t=year
brad pitt,https://www.reddit.com/r/nottheonion/comments/wlej30/brad_pitt_says_he_wore_a_skirt_to_the_bullet/,https://www.reddit.com/r/entertainment/comments/xz8vfv/how_brad_pitt_is_trying_to_spin_his_way_out_of/,https://www.reddit.com/r/Fauxmoi/comments/vil5tn/brad_pitts_gq_august_2022_cover_story/,https://www.reddit.com/r/popculturechat/comments/112v6yu/brad_pitt_shows_off_new_quirky_style/
johnny depp,https://www.reddit.com/r/JusticeForJohnnyDepp/comments/12jhba5/as_a_johnny_depp_supporter_i_dont_understand_the/?utm_source=share&utm_medium=ios_app&utm_name=ioscss&utm_content=2&utm_term=1,https://www.reddit.com/r/entertainment/comments/zty9k8/i_dont_see_johnny_depp_being_redeemed_hollywood/,https://www.reddit.com/r/pics/comments/ttten/so_johnny_depp_stopped_by_to_hang_with_my_grandma/,https://www.reddit.com/r/entertainment/comments/p5ccpm/johnny_depp_says_hollywood_is_boycotting_him_in/
chris hemsworth,https://www.reddit.com/r/Fauxmoi/comments/sjgzhq/did_chris_hemsworth_get_a_jaw_implant/,https://www.reddit.com/r/nattyorjuice/comments/i5ghlv/is_chris_hemsworth_natty/,https://www.reddit.com/r/shittymoviedetails/comments/w72v9v/please_believe_me_they_actually_made_a_men_in/,https://www.reddit.com/r/marvelstudios/comments/yypx1g/chris_hemsworth_taking_time_off_from_acting/
angelina jolie,https://www.reddit.com/r/trueratecelebrities/comments/10xhgfp/prime_angelina_jolie_is_it_close_to_perfection/,https://www.reddit.com/r/Fauxmoi/comments/wsge31/photos_of_angelina_jolies_alleged_bruises_from/,https://www.reddit.com/r/popculturechat/comments/13bwymq/angelina_jolie_shares_tribute_to_her_mother_on/,https://www.reddit.com/r/OldSchoolCool/comments/ytwgbs/a_19_year_old_angelina_jolie_in_1994/
ariana grande,https://www.reddit.com/r/popculturechat/comments/10niksg/ariana_grande_fashion_moments_from_ponytail_to/,https://www.reddit.com/r/Fauxmoi/comments/12iwyzr/ariana_grande_discussing_concerns_about_her_body/,https://www.reddit.com/r/popculturechat/comments/ys9mki/ariana_grandes_voice_evolution_is_going_viral_on/,https://www.reddit.com/r/Fauxmoi/comments/12pu086/ariana_grande_has_been_pictured_as_glinda_the/
jennifer aniston,https://www.reddit.com/r/celebrities/comments/128j6k3/jennifer_aniston/,https://www.reddit.com/r/entertainment/comments/yr00a1/jennifer_aniston_feels_relief_she_doesnt_have_to/,https://www.reddit.com/r/entertainment/comments/yqsfux/jennifer_aniston_says_there_are_no_more_movie/,https://www.reddit.com/r/entertainment/comments/yqo64b/jennifer_aniston_reveals_secret_ivf_attempts/
shakira,https://www.reddit.com/r/Fauxmoi/comments/129yabd/shakira_departs_barcelona_with_her_kids_in_search/,https://www.reddit.com/r/entertainment/comments/10auk4g/out_of_your_league_shakira_song_mocking_ex_gerard/,https://www.reddit.com/r/OldSchoolCool/comments/a5hfj1/shakira_1992/,https://www.reddit.com/r/Damnthatsinteresting/comments/wcwnox/while_in_japan_in_2002_shakira_is_surprised_to/
ryan reynolds,https://www.reddit.com/r/popculturechat/comments/127lgz8/what_are_your_thoughts_on_ryan_reynolds/,https://www.reddit.com/r/MadeMeSmile/comments/wz10q6/ryan_reynolds_on_getting_an_earring_as_a_kid/,https://www.reddit.com/r/sports/comments/125cdis/ryan_reynolds_soccer_team_wrexham_to_face/,https://www.reddit.com/search/?q=Ryan%20Reynolds&sort=comments&t=year
brad pitt,https://www.reddit.com/r/nottheonion/comments/wlej30/brad_pitt_says_he_wore_a_skirt_to_the_bullet/,https://www.reddit.com/r/entertainment/comments/xz8vfv/how_brad_pitt_is_trying_to_spin_his_way_out_of/,https://www.reddit.com/r/Fauxmoi/comments/vil5tn/brad_pitts_gq_august_2022_cover_story/,https://www.reddit.com/r/popculturechat/comments/112v6yu/brad_pitt_shows_off_new_quirky_style/
chris hemsworth,https://www.reddit.com/r/Fauxmoi/comments/sjgzhq/did_chris_hemsworth_get_a_jaw_implant/,https://www.reddit.com/r/nattyorjuice/comments/i5ghlv/is_chris_hemsworth_natty/,https://www.reddit.com/r/shittymoviedetails/comments/w72v9v/please_believe_me_they_actually_made_a_men_in/,https://www.reddit.com/r/marvelstudios/comments/yypx1g/chris_hemsworth_taking_time_off_from_acting/
angelina jolie,https://www.reddit.com/r/trueratecelebrities/comments/10xhgfp/prime_angelina_jolie_is_it_close_to_perfection/,https://www.reddit.com/r/Fauxmoi/comments/wsge31/photos_of_angelina_jolies_alleged_bruises_from/,https://www.reddit.com/r/popculturechat/comments/13bwymq/angelina_jolie_shares_tribute_to_her_mother_on/,https://www.reddit.com/r/OldSchoolCool/comments/ytwgbs/a_19_year_old_angelina_jolie_in_1994/
ariana grande,https://www.reddit.com/r/popculturechat/comments/10niksg/ariana_grande_fashion_moments_from_ponytail_to/,https://www.reddit.com/r/Fauxmoi/comments/12iwyzr/ariana_grande_discussing_concerns_about_her_body/,https://www.reddit.com/r/popculturechat/comments/ys9mki/ariana_grandes_voice_evolution_is_going_viral_on/,https://www.reddit.com/r/Fauxmoi/comments/12pu086/ariana_grande_has_been_pictured_as_glinda_the/
jennifer aniston,https://www.reddit.com/r/celebrities/comments/128j6k3/jennifer_aniston/,https://www.reddit.com/r/entertainment/comments/yr00a1/jennifer_aniston_feels_relief_she_doesnt_have_to/,https://www.reddit.com/r/entertainment/comments/yqsfux/jennifer_aniston_says_there_are_no_more_movie/,https://www.reddit.com/r/entertainment/comments/yqo64b/jennifer_aniston_reveals_secret_ivf_attempts/
shakira,https://www.reddit.com/r/Fauxmoi/comments/129yabd/shakira_departs_barcelona_with_her_kids_in_search/,https://www.reddit.com/r/entertainment/comments/10auk4g/out_of_your_league_shakira_song_mocking_ex_gerard/,https://www.reddit.com/r/OldSchoolCool/comments/a5hfj1/shakira_1992/,https://www.reddit.com/r/Damnthatsinteresting/comments/wcwnox/while_in_japan_in_2002_shakira_is_surprised_to/
